"idterm_descritor"	"term_type_idterm_type"	"term_description"	"term_id_mesh"	"term_definition"	"link_wiki"	"term_type_mesh"
"1"	480	2	"AIDS-Related Cancers"	"D000163"	"An acquired defect of cellular immunity associated with infection by the human immunodeficiency virus (HIV), a CD4-positive T-lymphocyte count under 200 cells/microliter or less than 14% of total lymphocytes, and increased susceptibility to opportunistic infections and malignant neoplasms. Clinical manifestations also include emaciation (wasting) and dementia. These elements reflect criteria for AIDS as defined by the CDC in 1993."	"https://www.ncbi.nlm.nih.gov/mesh/68000163"	"null"
"2"	481	2	"AIDS-Related Lymphoma"	"D016483"	"B-cell lymphoid tumors that occur in association with AIDS. Patients often present with an advanced stage of disease and highly malignant subtypes including BURKITT LYMPHOMA; IMMUNOBLASTIC LARGE-CELL LYMPHOMA; PRIMARY EFFUSION LYMPHOMA; and DIFFUSE, LARGE B-CELL, LYMPHOMA. The tumors are often disseminated in unusual extranodal sites and chromosomal abnormalities are frequently present. It is likely that polyclonal B-cell lymphoproliferation in AIDS is a complex result of EBV infection, HIV antigenic stimulation, and T-cell-dependent HIV activation."	"https://www.ncbi.nlm.nih.gov/mesh/?term=AIDS-Related+Lymphoma"	"null"
"3"	483	2	"Kaposi Sarcoma"	"D012514"	"A multicentric, malignant neoplastic vascular proliferation characterized by the development of bluish-red cutaneous nodules, usually on the lower extremities, most often on the toes or feet, and slowly increasing in size and number and spreading to more proximal areas. The tumors have endothelium-lined channels and vascular spaces admixed with variably sized aggregates of spindle-shaped cells, and often remain confined to the skin and subcutaneous tissue, but widespread visceral involvement may occur. Kaposi's sarcoma occurs spontaneously in Jewish and Italian males in Europe and the United States. An aggressive variant in young children is endemic in some areas of Africa. A third form occurs in about 0.04% of kidney transplant patients. There is also a high incidence in AIDS patients. (From Dorland, 27th ed and Holland et al., Cancer Medicine, 3d ed, pp2105-7) HHV-8 is the suspected cause."	"https://www.ncbi.nlm.nih.gov/mesh/68012514"	"null"
"4"	484	2	"Breast Cancer"	"D001943"	"Tumors or cancer of the human BREAST."	"https://www.ncbi.nlm.nih.gov/mesh/68001943"	"null"
"5"	485	2	"Male Breast Cancer"	"D018567"	"Any neoplasms of the male breast. These occur infrequently in males in developed countries, the incidence being about 1% of that in females."	"https://www.ncbi.nlm.nih.gov/mesh/?term=D018567"	"null"
"6"	486	2	"Hereditary Breast and Ovarian Cancer Syndrome"	"D061325"	"Autosomal dominant HEREDITARY CANCER SYNDROME in which a mutation most often in either BRCA1 or BRCA2 is associated with a significantly increased risk for breast and ovarian cancers."	"https://www.ncbi.nlm.nih.gov/mesh/?term=D061325"	"null"
"7"	487	2	"Triple Negative Breast Neoplasms"	"D064726"	"Breast neoplasms that do not express ESTROGEN RECEPTORS; PROGESTERONE RECEPTORS; and do not overexpress the NEU RECEPTOR/HER-2 PROTO-ONCOGENE PROTEIN."	"https://www.ncbi.nlm.nih.gov/mesh/?term=D064726"	"null"
"8"	488	2	"Inflammatory Breast Neoplasms"	"D058922"	"Metastatic breast cancer characterized by EDEMA and ERYTHEMA of the affected breast due to LYMPHATIC METASTASIS and eventual obstruction of LYMPHATIC VESSELS by the cancer cells."	"https://www.ncbi.nlm.nih.gov/mesh/?term=D058922"	"null"
"9"	489	2	"Digestive/Gastrointestinal"	"D004067"	"Tumors or cancer of the DIGESTIVE SYSTEM."	"https://www.ncbi.nlm.nih.gov/mesh/68004067"	"null"
"10"	490	2	"Anal Cancer"	"D001005"	"Tumors or cancer of the ANAL CANAL."	"https://www.ncbi.nlm.nih.gov/mesh/?term=anal+cancer"	"null"
"11"	491	2	"Appendix Cancer"	"D001063"	"Tumors or cancer of the APPENDIX."	"https://www.ncbi.nlm.nih.gov/mesh/?term=Appendix+Cancer"	"null"
"12"	492	2	"Bile Duct Cancer"	"D001650"	"Tumors or cancer of the BILE DUCTS."	"https://www.ncbi.nlm.nih.gov/mesh/?term=Bile+Duct+Cancer"	"null"
"13"	493	2	"Carcinoid Tumor, Gastrointestinal"	"D002276"	"A usually small, slow-growing neoplasm composed of islands of rounded, oxyphilic, or spindle-shaped cells of medium size, with moderately small vesicular nuclei, and covered by intact mucosa with a yellow cut surface. The tumor can occur anywhere in the gastrointestinal tract (and in the lungs and other sites); approximately 90% arise in the appendix. It is now established that these tumors are of neuroendocrine origin and derive from a primitive stem cell. (From Stedman, 25th ed and Holland et al., Cancer Medicine, 3d ed, p1182)"	"https://www.ncbi.nlm.nih.gov/mesh/?term=Gastrointestinal+Carcinoid+Tumor"	"null"
"14"	494	2	"Colon Cancer"	"D003110"	"Tumors or cancer of the COLON."	"https://www.ncbi.nlm.nih.gov/mesh/68003110"	"null"
"15"	495	2	"Sigmoid Neoplasms"	"D012811"	"Tumors or cancer of the SIGMOID COLON."	"https://www.ncbi.nlm.nih.gov/mesh/?term=D012811"	"null"
"16"	496	2	"Hereditary NonPolyposis Colorectal Cancer"	"D003123"	"A group of autosomal-dominant inherited diseases in which COLON CANCER arises in discrete adenomas. Unlike FAMILIAL POLYPOSIS COLI with hundreds of polyps, hereditary nonpolyposis colorectal neoplasms occur much later, in the fourth and fifth decades. HNPCC has been associated with germline mutations in mismatch repair (MMR) genes. It has been subdivided into Lynch syndrome I or site-specific colonic cancer, and LYNCH SYNDROME II which includes extracolonic cancer."	"https://www.ncbi.nlm.nih.gov/mesh/?term=D003123"	"null"
"17"	497	2	"Lynch Syndrome ll"	"D055847"	"Hereditary nonpolyposis colorectal neoplasms associated with other malignancies, more commonly of ovarian or uterine origin. When also associated with SEBACEOUS GLAND NEOPLASMS, it is called MUIR-TORRE SYNDROME."	"https://www.ncbi.nlm.nih.gov/mesh/?term=D055847"	"null"
"18"	498	2	"Esophageal Cancer"	"D004938"	"Tumors or cancer of the ESOPHAGUS."	"https://www.ncbi.nlm.nih.gov/mesh/68004938"	"null"
"19"	499	2	"Gallbladder Cancer"	"D005706"	"Tumors or cancer of the gallbladder."	"https://www.ncbi.nlm.nih.gov/mesh/?term=D005706"	"null"
"20"	500	2	"Gastric Cancer"	"D013274"	"Tumors or cancer of the STOMACH."	"https://www.ncbi.nlm.nih.gov/mesh/?term=D013274"	"null"
"21"	501	2	"Gastrointestinal Stromal Tumors"	"D046152"	"All tumors in the GASTROINTESTINAL TRACT arising from mesenchymal cells (MESODERM) except those of smooth muscle cells (LEIOMYOMA) or Schwann cells (SCHWANNOMA)."	"https://www.ncbi.nlm.nih.gov/mesh/?term=D046152"	"null"
"22"	502	2	"Islet Cell Tumors"	"D007516"	"A benign tumor of the pancreatic ISLET CELLS. Usually it involves the INSULIN-producing PANCREATIC BETA CELLS, as in INSULINOMA, resulting in HYPERINSULINISM."	"https://www.ncbi.nlm.nih.gov/mesh/68007516"	"null"
"23"	503	2	"Gastrinoma"	"D015408"	"A GASTRIN-secreting neuroendocrine tumor of the non-beta ISLET CELLS, the GASTRIN-SECRETING CELLS. This type of tumor is primarily located in the PANCREAS or the DUODENUM. Majority of gastrinomas are malignant. They metastasize to the LIVER; LYMPH NODES; and BONE but rarely elsewhere. The presence of gastrinoma is one of three requirements to be met for identification of ZOLLINGER-ELLISON SYNDROME, which sometimes occurs in families with MULTIPLE ENDOCRINE NEOPLASIA TYPE 1; (MEN 1)."	"https://www.ncbi.nlm.nih.gov/mesh/?term=D015408"	"null"
"24"	504	2	"Vipoma "	"D003969"	"A tumor that secretes VASOACTIVE INTESTINAL PEPTIDE, a neuropeptide that causes VASODILATION; relaxation of smooth muscles; watery DIARRHEA; HYPOKALEMIA; and HYPOCHLORHYDRIA. Vipomas, derived from the pancreatic ISLET CELLS, generally are malignant and can secrete other hormones. In most cases, Vipomas are located in the PANCREAS but can be found in extrapancreatic sites."	"https://www.ncbi.nlm.nih.gov/mesh/?term=D003969"	"null"
"25"	506	2	"Liver Cancer"	"D008113"	"Tumors or cancer of the LIVER."	"https://www.ncbi.nlm.nih.gov/mesh/?term=D008113"	"null"
"26"	507	2	"Pancreatic Cancer"	"D010190"	"Tumors or cancer of the PANCREAS. Depending on the types of ISLET CELLS present in the tumors, various hormones can be secreted: GLUCAGON from PANCREATIC ALPHA CELLS; INSULIN from PANCREATIC BETA CELLS; and SOMATOSTATIN from the SOMATOSTATIN-SECRETING CELLS. Most are malignant except the insulin-producing tumors (INSULINOMA)."	"https://www.ncbi.nlm.nih.gov/mesh/?term=D010190"	"null"
"27"	508	2	"Rectal Cancer"	"D012004"	"Tumors or cancer of the RECTUM."	"https://www.ncbi.nlm.nih.gov/mesh/?term=D012004"	"null"
"28"	510	2	"Endocrine and Neuroendocrine"	"D004700"	"Pathological processes of the ENDOCRINE GLANDS, and diseases resulting from abnormal level of available HORMONES."	"https://www.ncbi.nlm.nih.gov/mesh/?term=D004700"	"null"
"29"	511	2	"Adrenocortical Carcinoma"	"D018268"	"A malignant neoplasm of the ADRENAL CORTEX. Adrenocortical carcinomas are unencapsulated anaplastic (ANAPLASIA) masses sometimes exceeding 20 cm or 200 g. They are more likely to be functional than nonfunctional, and produce ADRENAL CORTEX HORMONES that may result in hypercortisolism (CUSHING SYNDROME); HYPERALDOSTERONISM; and/or VIRILISM."	"https://www.ncbi.nlm.nih.gov/mesh/?term=D018268"	"null"
"30"	512	2	"Merkel Cell Carcinoma"	"D015266"	"A carcinoma arising from MERKEL CELLS located in the basal layer of the epidermis and occurring most commonly as a primary neuroendocrine carcinoma of the skin. Merkel cells are tactile cells of neuroectodermal origin and histologically show neurosecretory granules. The skin of the head and neck are a common site of Merkel cell carcinoma, occurring generally in elderly patients. (Holland et al., Cancer Medicine, 3d ed, p1245)"	"https://www.ncbi.nlm.nih.gov/mesh/?term=D015266"	"null"
"31"	513	2	"Neuroendocrine Tumor"	"D018358"	"Tumors whose cells possess secretory granules and originate from the neuroectoderm, i.e., the cells of the ectoblast or epiblast that program the neuroendocrine system. Common properties across most neuroendocrine tumors include ectopic hormone production (often via APUD CELLS), the presence of tumor-associated antigens, and isozyme composition."	"https://www.ncbi.nlm.nih.gov/mesh/68018358"	"null"
"32"	514	2	"Parathyroid Cancer"	"D010282"	"Tumors or cancer of the PARATHYROID GLANDS."	"https://www.ncbi.nlm.nih.gov/mesh/?term=D010282"	"null"
"33"	515	2	"Pheochromocytoma"	"D010673"	"A usually benign, well-encapsulated, lobular, vascular tumor of chromaffin tissue of the ADRENAL MEDULLA or sympathetic paraganglia. The cardinal symptom, reflecting the increased secretion of EPINEPHRINE and NOREPINEPHRINE, is HYPERTENSION, which may be persistent or intermittent. During severe attacks, there may be HEADACHE; SWEATING, palpitation, apprehension, TREMOR; PALLOR or FLUSHING of the face, NAUSEA and VOMITING, pain in the CHEST and ABDOMEN, and paresthesias of the extremities. The incidence of malignancy is as low as 5% but the pathologic distinction between benign and malignant pheochromocytomas is not clear. (Dorland, 27th ed; DeVita Jr et al., Cancer: Principles and Practice of Oncology, 3d ed, p1298)"	"https://www.ncbi.nlm.nih.gov/mesh/?term=D010673"	"null"
"34"	516	2	"Multiple Endocrine Neoplasia Type 2a"	"D018813"	"A form of multiple endocrine neoplasia characterized by the presence of medullary carcinoma (CARCINOMA, MEDULLARY) of the THYROID GLAND, and usually with the co-occurrence of PHEOCHROMOCYTOMA, producing CALCITONIN and ADRENALINE, respectively. Less frequently, it can occur with hyperplasia or adenoma of the PARATHYROID GLANDS. This disease is due to gain-of-function mutations of the MEN2 gene on CHROMOSOME 10 (Locus: 10q11.2), also known as the RET proto-oncogene that encodes a RECEPTOR PROTEIN-TYROSINE KINASE. It is an autosomal dominant inherited disease."	"https://www.ncbi.nlm.nih.gov/mesh/?term=D018813"	"null"
"35"	517	2	"Multiple Endocrine Neoplasia Type 2b"	"D018814"	"Similar to MEN2A, it is also caused by mutations of the MEN2 gene, also known as the RET proto-oncogene. Its clinical symptoms include medullary carcinoma (CARCINOMA, MEDULLARY) of THYROID GLAND and PHEOCHROMOCYTOMA of ADRENAL MEDULLA (50%). Unlike MEN2a, MEN2b does not involve PARATHYROID NEOPLASMS. It can be distinguished from MEN2A by its neural abnormalities such as mucosal NEUROMAS on EYELIDS; LIP; and TONGUE, and ganglioneuromatosis of GASTROINTESTINAL TRACT leading to MEGACOLON. It is an autosomal dominant inherited disease."	"https://www.ncbi.nlm.nih.gov/mesh/68018814"	"null"
"36"	518	2	"Pituitary Tumor"	"D010911"	"Neoplasms which arise from or metastasize to the PITUITARY GLAND. The majority of pituitary neoplasms are adenomas, which are divided into non-secreting and secreting forms. Hormone producing forms are further classified by the type of hormone they secrete. Pituitary adenomas may also be characterized by their staining properties (see ADENOMA, BASOPHIL; ADENOMA, ACIDOPHIL; and ADENOMA, CHROMOPHOBE). Pituitary tumors may compress adjacent structures, including the HYPOTHALAMUS, several CRANIAL NERVES, and the OPTIC CHIASM. Chiasmal compression may result in bitemporal HEMIANOPSIA."	"https://www.ncbi.nlm.nih.gov/mesh/?term=D010911"	"null"
"37"	519	2	"Thyroid Cancer"	"D013964"	"Tumors or cancer of the THYROID GLAND."	"https://www.ncbi.nlm.nih.gov/mesh/?term=D013964"	"null"
"38"	520	2	"Eye Neoplasms"	"D005134"	"Tumors or cancer of the EYE."	"https://www.ncbi.nlm.nih.gov/mesh/?term=D005134"	"null"
"39"	521	2	"Melanoma"	"D008545"	"A malignant neoplasm derived from cells that are capable of forming melanin, which may occur in the skin of any part of the body, in the eye, or, rarely, in the mucous membranes of the genitalia, anus, oral cavity, or other sites. It occurs mostly in adults and may originate de novo or from a pigmented nevus or malignant lentigo. Melanomas frequently metastasize widely, and the regional lymph nodes, liver, lungs, and brain are likely to be involved. The incidence of malignant skin melanomas is rising rapidly in all parts of the world. (Stedman, 25th ed; from Rook et al., Textbook of Dermatology, 4th ed, p2445)"	"https://www.ncbi.nlm.nih.gov/mesh/68008545"	"null"
"40"	522	2	"Retinoblastoma"	"D012175"	"A malignant tumor arising from the nuclear layer of the retina that is the most common primary tumor of the eye in children. The tumor tends to occur in early childhood or infancy and may be present at birth. The majority are sporadic, but the condition may be transmitted as an autosomal dominant trait. Histologic features include dense cellularity, small round polygonal cells, and areas of calcification and necrosis. An abnormal pupil reflex (leukokoria); NYSTAGMUS, PATHOLOGIC; STRABISMUS; and visual loss represent common clinical characteristics of this condition. (From DeVita et al., Cancer: Principles and Practice of Oncology, 5th ed, p2104)"	"https://www.ncbi.nlm.nih.gov/mesh/?term=D012175"	"null"
"41"	523	2	"Genitourinary"	"D014565"	"Tumors or cancer of the UROGENITAL SYSTEM in either the male or the female."	"https://www.ncbi.nlm.nih.gov/mesh/?term=D014565"	"null"
"42"	524	2	"Bladder Cancer"	"D001749"	"Tumors or cancer of the URINARY BLADDER."	"https://www.ncbi.nlm.nih.gov/mesh/?term=D001749"	"null"
"43"	525	2	"Kidney (Renal Cell) Cancer"	"D002292"	"A heterogeneous group of sporadic or hereditary carcinoma derived from cells of the KIDNEYS. There are several subtypes including the clear cells, the papillary, the chromophobe, the collecting duct, the spindle cells (sarcomatoid), or mixed cell-type carcinoma."	"https://www.ncbi.nlm.nih.gov/mesh/?term=D002292"	"null"
"44"	526	2	"Penile Cancer"	"D010412"	"Cancers or tumors of the PENIS or of its component tissues."	"https://www.ncbi.nlm.nih.gov/mesh/?term=D010412"	"null"
"45"	527	2	"Prostate Cancer"	"D011471"	"Tumors or cancer of the PROSTATE."	"https://www.ncbi.nlm.nih.gov/mesh/?term=D011471"	"null"
"46"	529	2	"Ureteral Neoplasms"	"D014516"	"Cancer or tumors of the URETER which may cause obstruction leading to hydroureter, HYDRONEPHROSIS, and PYELONEPHRITIS. HEMATURIA is a common symptom."	"https://www.ncbi.nlm.nih.gov/mesh/?term=D014516"	"null"
"47"	530	2	"Testicular Cancer"	"D013736"	"Tumors or cancer of the TESTIS. Germ cell tumors (GERMINOMA) of the testis constitute 95% of all testicular neoplasms."	"https://www.ncbi.nlm.nih.gov/mesh/?term=D013736"	"null"
"48"	531	2	"Urethral Cancer"	"D014523"	"Cancer or tumors of the URETHRA. Benign epithelial tumors of the urethra usually consist of squamous and transitional cells. Primary urethral carcinomas are rare and typically of squamous cells. Urethral carcinoma is the only urological malignancy that is more common in females than in males."	"https://www.ncbi.nlm.nih.gov/mesh/?term=D014523"	"null"
"49"	532	2	"Kidney Tumors"	"D007680"	"Tumors or cancers of the KIDNEY."	"https://www.ncbi.nlm.nih.gov/mesh/?term=Kidney+Tumors"	"null"
"50"	533	2	"Wilms Tumor"	"D009396"	"A malignant kidney tumor, caused by the uncontrolled multiplication of renal stem (blastemal), stromal (STROMAL CELLS), and epithelial (EPITHELIAL CELLS) elements. However, not all three are present in every case. Several genes or chromosomal areas have been associated with Wilms tumor which is usually found in childhood as a firm lump in a child's side or ABDOMEN."	"https://www.ncbi.nlm.nih.gov/mesh/?term=D009396"	"null"
"51"	534	2	"Germ Cell"	"D009373"	"Neoplasms composed of primordial GERM CELLS of embryonic GONADS or of elements of the germ layers of the EMBRYO, MAMMALIAN. The concept does not refer to neoplasms located in the gonads or present in an embryo or FETUS."	"https://www.ncbi.nlm.nih.gov/mesh/?term=D009373"	"null"
"52"	536	2	"Extracranial Germ Cell Tumor"	"D018241"	"A group of highly cellular primitive round cell neoplasms which occur extracranially in soft tissue and bone and are derived from embryonal neural crest cells. These tumors occur primarily in children and adolescents and share a number of characteristics with EWING SARCOMA. Year introduced: 2000(1994)"	"https://www.ncbi.nlm.nih.gov/mesh/?term=D018241"	"null"
"53"	538	2	"Ovarian Cancer"	"D010051"	"Tumors or cancer of the OVARY. These neoplasms can be benign or malignant. They are classified according to the tissue of origin, such as the surface EPITHELIUM, the stromal endocrine cells, and the totipotent GERM CELLS."	"https://www.ncbi.nlm.nih.gov/mesh/68010051"	"null"
"54"	539	2	"Gynecologic"	"D005833"	"Tumor or cancer of the female reproductive tract (GENITALIA, FEMALE)."	"https://www.ncbi.nlm.nih.gov/mesh/?term=gynecologic+neoplasm"	"null"
"55"	540	2	"Cervical Cancer"	"D002583"	"Tumors or cancer of the UTERINE CERVIX."	"https://www.ncbi.nlm.nih.gov/mesh/?term=D002583"	"null"
"56"	541	2	"Endometrial Cancer"	"D016889"	"Tumors or cancer of ENDOMETRIUM, the mucous lining of the UTERUS. These neoplasms can be benign or malignant. Their classification and grading are based on the various cell types and the percent of undifferentiated cells."	"https://www.ncbi.nlm.nih.gov/mesh/?term=D016889"	"null"
"57"	542	2	"Fallopian Tube Cancer"	"D005185"	"Benign or malignant neoplasms of the FALLOPIAN TUBES. They are uncommon. If they develop, they may be located in the wall or within the lumen as a growth attached to the wall by a stalk."	"https://www.ncbi.nlm.nih.gov/mesh/?term=D005185"	"null"
"58"	543	2	"Gestational Trophoblastic Tumor"	"D031901"	"A group of diseases arising from pregnancy that are commonly associated with hyperplasia of trophoblasts (TROPHOBLAST) and markedly elevated human CHORIONIC GONADOTROPIN. They include HYDATIDIFORM MOLE, invasive mole (HYDATIDIFORM MOLE, INVASIVE), placental-site trophoblastic tumor (TROPHOBLASTIC TUMOR, PLACENTAL SITE), and CHORIOCARCINOMA. These neoplasms have varying propensities for invasion and spread."	"https://www.ncbi.nlm.nih.gov/mesh/?term=Gestational+Trophoblastic+Tumor"	"null"
"59"	544	2	"Uterine Sarcoma"	"D014594"	"Tumors or cancer of the UTERUS."	"https://www.ncbi.nlm.nih.gov/mesh/68014594"	"null"
"60"	545	2	"Vaginal Cancer"	"D014625"	"Tumors or cancer of the VAGINA."	"https://www.ncbi.nlm.nih.gov/mesh/?term=D014625"	"null"
"61"	546	2	"Vulvar Cancer"	"D014846"	"Tumors or cancer of the VULVA."	"https://www.ncbi.nlm.nih.gov/mesh/?term=D014846"	"null"
"62"	547	2	"Head and Neck Cancer"	"D006258"	"Soft tissue tumors or cancer arising from the mucosal surfaces of the LIP; oral cavity; PHARYNX; LARYNX; and cervical esophagus. Other sites included are the NOSE and PARANASAL SINUSES; SALIVARY GLANDS; THYROID GLAND and PARATHYROID GLANDS; and MELANOMA and non-melanoma skin cancers of the head and neck. (from Holland et al., Cancer Medicine, 4th ed, p1651)"	"https://www.ncbi.nlm.nih.gov/mesh/?term=D006258"	"null"
"63"	548	2	"Hypopharyngeal Cancer"	"D007012"	"Tumors or cancer of the HYPOPHARYNX."	"https://www.ncbi.nlm.nih.gov/mesh/?term=D007012"	"null"
"64"	549	2	"Laryngeal Cancer"	"D007822"	"Cancers or tumors of the LARYNX or any of its parts: the GLOTTIS; EPIGLOTTIS; LARYNGEAL CARTILAGES; LARYNGEAL MUSCLES; and VOCAL CORDS."	"https://www.ncbi.nlm.nih.gov/mesh/?term=D007822"	"null"
"65"	550	2	"Lip and Oral Cavity Cancer"	"D008048"	"Tumors or cancer of the LIP."	"https://www.ncbi.nlm.nih.gov/mesh/?term=D008048"	"null"
"66"	551	2	"Mouth Cancer"	"D009062"	"Tumors or cancer of the MOUTH."	"https://www.ncbi.nlm.nih.gov/mesh/?term=D009062"	"null"
"67"	552	2	"Nasopharyngeal Cancer"	"D009303"	"Tumors or cancer of the NASOPHARYNX."	"https://www.ncbi.nlm.nih.gov/mesh/?term=D009303"	"null"
"68"	553	2	"Oropharyngeal Cancer"	"D009959"	"Tumors or cancer of the OROPHARYNX."	"https://www.ncbi.nlm.nih.gov/mesh/?term=D009959"	"null"
"69"	554	2	"Paranasal Sinus and Nasal Cavity Cancer"	"D010255"	"Tumors or cancer of the PARANASAL SINUSES."	"https://www.ncbi.nlm.nih.gov/mesh/?term=D010255"	"null"
"70"	555	2	"Pharyngeal Cancer"	"D010610"	"Tumors or cancer of the PHARYNX."	"https://www.ncbi.nlm.nih.gov/mesh/?term=D010610"	"null"
"71"	556	2	"Salivary Gland Cancer"	"D012468"	"Tumors or cancer of the SALIVARY GLANDS."	"https://www.ncbi.nlm.nih.gov/mesh/?term=D012468"	"null"
"72"	558	2	"Hematologic Neoplasms"	"D019337"	"Neoplasms located in the blood and blood-forming tissue (the bone marrow and lymphatic tissue). The commonest forms are the various types of LEUKEMIA, of LYMPHOMA, and of the progressive, life-threatening forms of the MYELODYSPLASTIC SYNDROMES."	"https://www.ncbi.nlm.nih.gov/mesh/68019337"	"null"
"73"	559	2	"Leukemia"	"D007938"	"A progressive, malignant disease of the blood-forming organs, characterized by distorted proliferation and development of leukocytes and their precursors in the blood and bone marrow. Leukemias were originally termed acute or chronic based on life expectancy but now are classified according to cellular maturity. Acute leukemias consist of predominately immature cells; chronic leukemias are composed of more mature cells. (From The Merck Manual, 2006)"	"https://www.ncbi.nlm.nih.gov/mesh/?term=D007938"	"null"
"74"	560	2	"Acute Lymphoblastic Leukemia"	"D054198"	"A neoplasm characterized by abnormalities of the lymphoid cell precursors leading to excessive lymphoblasts in the marrow and other organs. It is the most common cancer in children and accounts for the vast majority of all childhood leukemias."	"https://www.ncbi.nlm.nih.gov/mesh/?term=D054198"	"null"
"75"	561	2	"Acute T-Lymphocytic Leukemia"	"D054218"	"A leukemia/lymphoma found predominately in children and young adults and characterized LYMPHADENOPATHY and THYMUS GLAND involvement. It most frequently presents as a lymphoma, but a leukemic progression in the bone marrow is common."	"https://www.ncbi.nlm.nih.gov/mesh/?term=D054218"	"null"
"76"	562	2	"Acute Biphenotypic Leukemia"	"D015456"	"An acute leukemia exhibiting cell features characteristic of both the myeloid and lymphoid lineages and probably arising from MULTIPOTENT STEM CELLS."	"https://www.ncbi.nlm.nih.gov/mesh/?term=D015456"	"null"
"77"	563	2	"Acute Myeloid Leukemia"	"D015470"	"Clonal expansion of myeloid blasts in bone marrow, blood, and other tissue. Myeloid leukemias develop from changes in cells that normally produce NEUTROPHILS; BASOPHILS; EOSINOPHILS; and MONOCYTES."	"https://www.ncbi.nlm.nih.gov/mesh/?term=D015470"	"null"
"78"	564	2	"Ovarian Epithelial Cancer"	"C538090"	"A neoplasm that originates in cells on the surface EPITHELIUM of the ovary and the most common form of OVARIAN CANCER. There are 5 histologic subtypes: papillary serous, endometrioid, mucinous, clear cell, and transitional cell. Mutations in OPCML, PRKN, PIK3CA, AKT1, CTNNB1, RRAS2, and CDH1 genes are associated with this cancer. OMIM: 167000"	"https://www.ncbi.nlm.nih.gov/mesh/?term=Ovarian+Epithelial+Cancer"	"null"
"79"	565	2	"Ovarian Low Malignant Potential Tumor"	"D004407"	"A malignant ovarian neoplasm, thought to be derived from primordial germ cells of the sexually undifferentiated embryonic gonad. It is the counterpart of the classical seminoma of the testis, to which it is both grossly and histologically identical. Dysgerminomas comprise 16% of all germ cell tumors but are rare before the age of 10, although nearly 50% occur before the age of 20. They are generally considered of low-grade malignancy but may spread if the tumor extends through its capsule and involves lymph nodes or blood vessels. (Dorland, 27th ed; DeVita Jr et al., Cancer: Principles and Practice of Oncology, 3d ed, p1646)"	"https://www.ncbi.nlm.nih.gov/mesh/?term=Ovarian+Low+Malignant"	"null"
"80"	566	2	"Primary Peritoneal Cancer"	"D010051"	"Tumors or cancer of the OVARY. These neoplasms can be benign or malignant. They are classified according to the tissue of origin, such as the surface EPITHELIUM, the stromal endocrine cells, and the totipotent GERM CELLS."	"https://www.ncbi.nlm.nih.gov/mesh/68010051"	"null"
"81"	567	2	"Acute Myelomonocytic Leukemia"	"D015479"	"A pediatric acute myeloid leukemia involving both myeloid and monocytoid precursors. At least 20% of non-erythroid cells are of monocytic origin."	"https://www.ncbi.nlm.nih.gov/mesh/?term=D015479"	"null"
"82"	568	2	"Acute Monocytic Leukemia"	"D007948"	"An acute myeloid leukemia in which 80% or more of the leukemic cells are of monocytic lineage including monoblasts, promonocytes, and MONOCYTES."	"https://www.ncbi.nlm.nih.gov/mesh/?term=D007948"	"null"
"83"	569	2	"Chronic Lymphocytic Leukemia"	"D015451"	"A chronic leukemia characterized by abnormal B-lymphocytes and often generalized lymphadenopathy. In patients presenting predominately with blood and bone marrow involvement it is called chronic lymphocytic leukemia (CLL); in those predominately with enlarged lymph nodes it is called small lymphocytic lymphoma. These terms represent spectrums of the same disease."	"https://www.ncbi.nlm.nih.gov/mesh/?term=D015451"	"null"
"84"	570	2	"T-Cell Prolymphocytic Leukemia"	"D015461"	"A lymphoid leukemia characterized by a profound LYMPHOCYTOSIS with or without LYMPHADENOPATHY, hepatosplenomegaly, frequently rapid progression, and short survival. It was formerly called T-cell chronic lymphocytic leukemia."	"https://www.ncbi.nlm.nih.gov/mesh/?term=D015461"	"null"
"85"	571	2	"Chronic Myelogenous Leukemia"	"D015464"	"Clonal hematopoetic disorder caused by an acquired genetic defect in PLURIPOTENT STEM CELLS. It starts in MYELOID CELLS of the bone marrow, invades the blood and then other organs. The condition progresses from a stable, more indolent, chronic phase (LEUKEMIA, MYELOID, CHRONIC PHASE) lasting up to 7 years, to an advanced phase composed of an accelerated phase (LEUKEMIA, MYELOID, ACCELERATED PHASE) and BLAST CRISIS."	"https://www.ncbi.nlm.nih.gov/mesh/?term=D015464"	"null"
"86"	572	2	"Leukemia Myeloid"	"D007951"	"Form of leukemia characterized by an uncontrolled proliferation of the myeloid lineage and their precursors (MYELOID PROGENITOR CELLS) in the bone marrow and other sites."	"https://www.ncbi.nlm.nih.gov/mesh/?term=D007951"	"null"
"87"	573	2	"Atypical Chronic Myeloid Leukemia"	"D054438"	"A myelodysplastic/myeloproliferative disorder characterized by myelodysplasia associated with bone marrow and peripheral blood patterns similar to CHRONIC MYELOID LEUKEMIA, but cytogenetically lacking a PHILADELPHIA CHROMOSOME or bcr/abl fusion gene (GENES, ABL)."	"https://www.ncbi.nlm.nih.gov/mesh/?term=D054438"	"null"
"88"	574	2	"Leukemia, Myeloid, Chronic-Phase"	"D015466"	"The initial phase of chronic myeloid leukemia consisting of an relatively indolent period lasting from 4 to 7 years. Patients range from asymptomatic to those exhibiting ANEMIA; SPLENOMEGALY; and increased cell turnover. There are 5% or fewer blast cells in the blood and bone marrow in this phase."	"https://www.ncbi.nlm.nih.gov/mesh/?term=D015466"	"null"
"89"	575	2	"Leukemia, Myeloid, Accelerated Phase"	"D015465"	"The phase of chronic myeloid leukemia following the chronic phase (LEUKEMIA, MYELOID, CHRONIC-PHASE), where there are increased systemic symptoms, worsening cytopenias, and refractory LEUKOCYTOSIS."	"https://www.ncbi.nlm.nih.gov/mesh/?term=D015465"	"null"
"90"	576	2	"Hairy Cell Leukemia"	"D007943"	"A neoplastic disease of the lymphoreticular cells which is considered to be a rare type of chronic leukemia; it is characterized by an insidious onset, splenomegaly, anemia, granulocytopenia, thrombocytopenia, little or no lymphadenopathy, and the presence of \"hairy\" or \"flagellated\" cells in the blood and bone marrow."	"https://www.ncbi.nlm.nih.gov/mesh/68007943"	"null"
"91"	577	2	"Lymphoma"	"D008223"	"A general term for various neoplastic diseases of the lymphoid tissue."	"https://www.ncbi.nlm.nih.gov/mesh/68008223"	"null"
"92"	578	2	"Cutaneous T-Cell Lymphoma"	"D016410"	"A group of lymphomas exhibiting clonal expansion of malignant T-lymphocytes arrested at varying stages of differentiation as well as malignant infiltration of the skin. MYCOSIS FUNGOIDES; SEZARY SYNDROME; LYMPHOMATOID PAPULOSIS; and PRIMARY CUTANEOUS ANAPLASTIC LARGE CELL LYMPHOMA are the best characterized of these disorders."	"https://www.ncbi.nlm.nih.gov/mesh/?term=D016410"	"null"
"93"	579	2	"Hodgkin Lymphoma"	"D006689"	"A malignant disease characterized by progressive enlargement of the lymph nodes, spleen, and general lymphoid tissue. In the classical variant, giant usually multinucleate Hodgkin's and REED-STERNBERG CELLS are present; in the nodular lymphocyte predominant variant, lymphocytic and histiocytic cells are seen."	"https://www.ncbi.nlm.nih.gov/mesh/?term=D006689"	"null"
"94"	580	2	"Mycosis Fungoides"	"D009182"	"A chronic, malignant T-cell lymphoma of the skin. In the late stages, the LYMPH NODES and viscera are affected."	"https://www.ncbi.nlm.nih.gov/mesh/?term=D009182"	"null"
"95"	581	2	"Non-Hodgkin Lymphoma"	"D008228"	"Any of a group of malignant tumors of lymphoid tissue that differ from HODGKIN DISEASE, being more heterogeneous with respect to malignant cell lineage, clinical course, prognosis, and therapy. The only common feature among these tumors is the absence of giant REED-STERNBERG CELLS, a characteristic of Hodgkin's disease."	"https://www.ncbi.nlm.nih.gov/mesh/?term=D008228"	"null"
"96"	582	2	"Sézary Syndrome"	"D012751"	"A form of cutaneous T-cell lymphoma manifested by generalized exfoliative ERYTHRODERMA; PRURITUS; peripheral lymphadenopathy, and abnormal hyperchromatic mononuclear (cerebriform) cells in the skin, LYMPH NODES, and peripheral blood (Sezary cells)."	"https://www.ncbi.nlm.nih.gov/mesh/?term=D012751"	"null"
"97"	583	2	"Waldenström Macroglobulinemia"	"D008258"	"A lymphoproliferative disorder characterized by pleomorphic B-LYMPHOCYTES including PLASMA CELLS, with increased levels of monoclonal serum IMMUNOGLOBULIN M. There is lymphoplasmacytic cells infiltration into bone marrow and often other tissues, also known as lymphoplasmacytic lymphoma. Clinical features include ANEMIA; HEMORRHAGES; and hyperviscosity."	"https://www.ncbi.nlm.nih.gov/mesh/?term=D008258"	"null"
"98"	584	2	"Chronic Myeloproliferative Neoplasms"	"D015477"	"A myelodysplastic-myeloproliferative disease characterized by monocytosis, increased monocytes in the bone marrow, variable degrees of dysplasia, but an absence of immature granulocytes in the blood."	"https://www.ncbi.nlm.nih.gov/mesh/68015477"	"null"
"99"	585	2	"Langerhans Cell Histiocytosis"	"D006646"	"A group of disorders resulting from the abnormal proliferation of and tissue infiltration by LANGERHANS CELLS which can be detected by their characteristic Birbeck granules (X bodies), or by monoclonal antibody staining for their surface CD1 ANTIGENS. Langerhans-cell granulomatosis can involve a single organ, or can be a systemic disorder."	"https://www.ncbi.nlm.nih.gov/mesh/68006646"	"null"
"100"	586	2	"Histiocytosis, Non-Langerhans-Cell"	"D015616"	"Group of disorders which feature accumulations of active HISTIOCYTES and LYMPHOCYTES, but where the histiocytes are not LANGERHANS CELLS. The group includes HEMOPHAGOCYTIC LYMPHOHISTIOCYTOSIS; SINUS HISTIOCYTOSIS; xanthogranuloma; reticulohistiocytoma; JUVENILE XANTHOGRANULOMA; xanthoma disseminatum; as well as the lipid storage diseases (SEA-BLUE HISTIOCYTE SYNDROME; and NIEMANN-PICK DISEASES)."	"https://www.ncbi.nlm.nih.gov/mesh/?term=D015616"	"null"
"101"	587	2	"Multiple Myeloma"	"D009101"	"A malignancy of mature PLASMA CELLS engaging in monoclonal immunoglobulin production. It is characterized by hyperglobulinemia, excess Bence-Jones proteins (free monoclonal IMMUNOGLOBULIN LIGHT CHAINS) in the urine, skeletal destruction, bone pain, and fractures. Other features include ANEMIA; HYPERCALCEMIA; and RENAL INSUFFICIENCY."	"https://www.ncbi.nlm.nih.gov/mesh/68009101"	"null"
"102"	588	2	"Myelodysplastic Syndromes"	"D009190"	"Clonal hematopoietic stem cell disorders characterized by dysplasia in one or more hematopoietic cell lineages. They predominantly affect patients over 60, are considered preleukemic conditions, and have high probability of transformation into ACUTE MYELOID LEUKEMIA."	"https://www.ncbi.nlm.nih.gov/mesh/?term=D009190"	"null"
"103"	589	2	"Myelodysplastic/Myeloproliferative Neoplasms"	"D054437"	"Clonal myeloid disorders that possess both dysplastic and proliferative features but are not properly classified as either MYELODYSPLASTIC SYNDROMES or MYELOPROLIFERATIVE DISORDERS."	"https://www.ncbi.nlm.nih.gov/mesh/68054437"	"null"
"104"	590	2	"Musculoskeletal diseases"	"D009140"	"Diseases of the muscles and their associated ligaments and other connective tissue and of the bones and cartilage viewed collectively."	"https://www.ncbi.nlm.nih.gov/mesh/?term=D009140"	"null"
"105"	591	2	"Bone Cancer"	"D001859"	"Tumors or cancer located in bone tissue or specific BONES."	"https://www.ncbi.nlm.nih.gov/mesh/?term=D001859"	"null"
"106"	592	2	"Ewing Sarcoma"	"D012512"	"A malignant tumor of the bone which always arises in the medullary tissue, occurring more often in cylindrical bones. The tumor occurs usually before the age of 20, about twice as frequently in males as in females."	"https://www.ncbi.nlm.nih.gov/mesh/?term=D012512"	"null"
"107"	593	2	"Osteosarcoma"	"D012516"	"A sarcoma originating in bone-forming cells, affecting the ends of long bones. It is the most common and most malignant of sarcomas of the bones, and occurs chiefly among 10- to 25-year-old youths. (From Stedman, 25th ed)"	"https://www.ncbi.nlm.nih.gov/mesh/?term=D012516"	"null"
"108"	594	2	"Malignant Fibrous Histiocytoma of Bone"	"C536169"	""	"https://www.ncbi.nlm.nih.gov/mesh/?term=Malignant+Fibrous+Histiocytoma+of+Bone"	"null"
"109"	595	2	"Rhabdomyosarcoma"	"D012208"	"A malignant solid tumor arising from mesenchymal tissues which normally differentiate to form striated muscle. It can occur in a wide variety of sites. It is divided into four distinct types: pleomorphic, predominantly in male adults; alveolar (RHABDOMYOSARCOMA, ALVEOLAR), mainly in adolescents and young adults; embryonal (RHABDOMYOSARCOMA, EMBRYONAL), predominantly in infants and children; and botryoidal, also in young children. It is one of the most frequently occurring soft tissue sarcomas and the most common in children under 15. (From Dorland, 27th ed; Holland et al., Cancer Medicine, 3d ed, p2186; DeVita Jr et al., Cancer: Principles and Practice of Oncology, 3d ed, pp1647-9)"	"https://www.ncbi.nlm.nih.gov/mesh/?term=D012208"	"null"
"110"	596	2	"Rhabdomyosarcoma, Embryonal"	"D018233"	"A form of RHABDOMYOSARCOMA arising primarily in the head and neck, especially the orbit, of children below the age of 10. The cells are smaller than those of other rhabdomyosarcomas and are of two basic cell types: spindle cells and round cells. This cancer is highly sensitive to chemotherapy and has a high cure rate with multi-modality therapy. (From Holland et al., Cancer Medicine, 3d ed, p2188)"	"https://www.ncbi.nlm.nih.gov/mesh/?term=D018233"	"null"
"111"	597	2	"Sarcoma"	"D012509"	"A connective tissue neoplasm formed by proliferation of mesodermal cells; it is usually highly malignant."	"https://www.ncbi.nlm.nih.gov/mesh/?term=D012509"	"null"
"112"	598	2	"Neurologic Manifestations"	"D009461"	"Clinical signs and symptoms caused by nervous system injury or dysfunction."	"https://www.ncbi.nlm.nih.gov/mesh/68009461"	"null"
"113"	599	2	"Brain Tumor"	"D001932"	"Neoplasms of the intracranial components of the central nervous system, including the cerebral hemispheres, basal ganglia, hypothalamus, thalamus, brain stem, and cerebellum. Brain neoplasms are subdivided into primary (originating from brain tissue) and secondary (i.e., metastatic) forms. Primary neoplasms are subdivided into benign and malignant forms. In general, brain tumors may also be classified by age of onset, histologic type, or presenting location in the brain."	"https://www.ncbi.nlm.nih.gov/mesh/68001932"	"null"
"114"	600	2	"Brain Stem Neoplasms"	"D020295"	"Benign and malignant intra-axial tumors of the MESENCEPHALON; PONS; or MEDULLA OBLONGATA of the BRAIN STEM. Primary and metastatic neoplasms may occur in this location. Clinical features include ATAXIA, cranial neuropathies (see CRANIAL NERVE DISEASES), NAUSEA, hemiparesis (see HEMIPLEGIA), and quadriparesis. Primary brain stem neoplasms are more frequent in children. Histologic subtypes include GLIOMA; HEMANGIOBLASTOMA; GANGLIOGLIOMA; and EPENDYMOMA."	"https://www.ncbi.nlm.nih.gov/mesh/?term=D020295"	"null"
"115"	601	2	"Cerebral Ventricle Neoplasms"	"D002551"	"Neoplasms located in the brain ventricles, including the two lateral, the third, and the fourth ventricle. Ventricular tumors may be primary (e.g., CHOROID PLEXUS NEOPLASMS and GLIOMA, SUBEPENDYMAL), metastasize from distant organs, or occur as extensions of locally invasive tumors from adjacent brain structures."	"https://www.ncbi.nlm.nih.gov/mesh/?term=D002551"	"null"
"116"	602	2	"Astrocytomas"	"D001254"	"Neoplasms of the brain and spinal cord derived from glial cells which vary from histologically benign forms to highly anaplastic and malignant tumors. Fibrillary astrocytomas are the most common type and may be classified in order of increasing malignancy (grades I through IV). In the first two decades of life, astrocytomas tend to originate in the cerebellar hemispheres; in adults, they most frequently arise in the cerebrum and frequently undergo malignant transformation. (From Devita et al., Cancer: Principles and Practice of Oncology, 5th ed, pp2013-7; Holland et al., Cancer Medicine, 3d ed, p1082)"	"https://www.ncbi.nlm.nih.gov/mesh/?term=D001254"	"null"
"117"	603	2	"Glioblastoma"	"D005909"	"A malignant form of astrocytoma histologically characterized by pleomorphism of cells, nuclear atypia, microhemorrhage, and necrosis. They may arise in any region of the central nervous system, with a predilection for the cerebral hemispheres, basal ganglia, and commissural pathways. Clinical presentation most frequently occurs in the fifth or sixth decade of life with focal neurologic signs or seizures."	"https://www.ncbi.nlm.nih.gov/mesh/?term=D005909"	"null"
"118"	604	2	"Glioma, Subependymal"	"D018315"	"Rare, slow-growing, benign intraventricular tumors, often asymptomatic and discovered incidentally. The tumors are classified histologically as ependymomas and demonstrate a proliferation of subependymal fibrillary astrocytes among the ependymal tumor cells. (From Clin Neurol Neurosurg 1997 Feb;99(1):17-22)"	"https://www.ncbi.nlm.nih.gov/mesh/?term=D018315"	"null"
"119"	605	2	"Oligodendroglioma"	"D009837"	"A relatively slow-growing glioma that is derived from oligodendrocytes and tends to occur in the cerebral hemispheres, thalamus, or lateral ventricle. They may present at any age, but are most frequent in the third to fifth decades, with an earlier incidence peak in the first decade. Histologically, these tumors are encapsulated, relatively avascular, and tend to form cysts and microcalcifications. Neoplastic cells tend to have small round nuclei surrounded by unstained nuclei. The tumors may vary from well-differentiated to highly anaplastic forms. (From DeVita et al., Cancer: Principles and Practice of Oncology, 5th ed, p2052; Adams et al., Principles of Neurology, 6th ed, p655)"	"https://www.ncbi.nlm.nih.gov/mesh/?term=D009837"	"null"
"120"	606	2	"Spinal Cord Tumors"	"D013120"	"Benign and malignant neoplasms which occur within the substance of the spinal cord (intramedullary neoplasms) or in the space between the dura and spinal cord (intradural extramedullary neoplasms). The majority of intramedullary spinal tumors are primary CNS neoplasms including ASTROCYTOMA; EPENDYMOMA; and LIPOMA. Intramedullary neoplasms are often associated with SYRINGOMYELIA. The most frequent histologic types of intradural-extramedullary tumors are MENINGIOMA and NEUROFIBROMA."	"https://www.ncbi.nlm.nih.gov/mesh/?term=D013120"	"null"
"121"	607	2	"Glioma"	"D005910"	"Benign and malignant central nervous system neoplasms derived from glial cells (i.e., astrocytes, oligodendrocytes, and ependymocytes). Astrocytes may give rise to astrocytomas (ASTROCYTOMA) or glioblastoma multiforme (see GLIOBLASTOMA). Oligodendrocytes give rise to oligodendrogliomas (OLIGODENDROGLIOMA) and ependymocytes may undergo transformation to become EPENDYMOMA; CHOROID PLEXUS NEOPLASMS; or colloid cysts of the third ventricle. (From Escourolle et al., Manual of Basic Neuropathology, 2nd ed, p21)"	"https://www.ncbi.nlm.nih.gov/mesh/68005910"	"null"
"122"	609	2	"Central Nervous System Atypical Teratoid/Rhabdoid Tumor"	"D018335"	"A rare but highly lethal childhood tumor found almost exclusively in infants. Histopathologically, it resembles RHABDOMYOSARCOMA but the tumor cells are not of myogenic origin. Although it arises primarily in the kidney, it may be found in other parts of the body. The rhabdoid cytomorphology is believed to be the expression of a very primitive malignant cell. (From Holland et al., Cancer Medicine, 3d ed, p2210)"	"https://www.ncbi.nlm.nih.gov/mesh/?term=D018335"	"null"
"123"	610	2	"Craniopharyngioma"	"D003397"	"A benign pituitary-region neoplasm that originates from Rathke's pouch. The two major histologic and clinical subtypes are adamantinous (or classical) craniopharyngioma and papillary craniopharyngioma. The adamantinous form presents in children and adolescents as an expanding cystic lesion in the pituitary region. The cystic cavity is filled with a black viscous substance and histologically the tumor is composed of adamantinomatous epithelium and areas of calcification and necrosis. Papillary craniopharyngiomas occur in adults, and histologically feature a squamous epithelium with papillations. (From Joynt, Clinical Neurology, 1998, Ch14, p50)"	"https://www.ncbi.nlm.nih.gov/mesh/?term=D003397"	"null"
"124"	611	2	"Ependymoma"	"D004806"	"Glioma derived from EPENDYMOGLIAL CELLS that tend to present as malignant intracranial tumors in children and as benign intraspinal neoplasms in adults. It may arise from any level of the ventricular system or central canal of the spinal cord. Intracranial ependymomas most frequently originate in the FOURTH VENTRICLE and histologically are densely cellular tumors which may contain ependymal tubules and perivascular pseudorosettes. Spinal ependymomas are usually benign papillary or myxopapillary tumors. (From DeVita et al., Principles and Practice of Oncology, 5th ed, p2018; Escourolle et al., Manual of Basic Neuropathology, 2nd ed, pp28-9)"	"https://www.ncbi.nlm.nih.gov/mesh/?term=D004806"	"null"
"125"	612	2	"Neuroblastoma"	"D009447"	"A common neoplasm of early childhood arising from neural crest cells in the sympathetic nervous system, and characterized by diverse clinical behavior, ranging from spontaneous remission to rapid metastatic progression and death. This tumor is the most common intraabdominal malignancy of childhood, but it may also arise from thorax, neck, or rarely occur in the central nervous system. Histologic features include uniform round cells with hyperchromatic nuclei arranged in nests and separated by fibrovascular septa. Neuroblastomas may be associated with the opsoclonus-myoclonus syndrome. (From DeVita et al., Cancer: Principles and Practice of Oncology, 5th ed, pp2099-2101; Curr Opin Oncol 1998 Jan;10(1):43-51)"	"https://www.ncbi.nlm.nih.gov/mesh/?term=D009447"	"null"
"126"	613	2	"Respiratory/Thoracic"	"D012142"	""	"https://www.ncbi.nlm.nih.gov/mesh/?term=Respiratory+neoplasm"	"null"
"127"	616	2	"Malignant Mesothelioma"	"C562839"	"A malignant mesothelial neoplasm that originates from cells in the PLEURA or PERITONEUM and is associated with ASBESTOS exposure. Somatic mutations in WT1, BCL10, CDKN2A, NF2, and BAP1 genes have been identified. OMIM: 156240"	"https://www.ncbi.nlm.nih.gov/mesh/67562839"	"null"
"128"	617	2	"Thymoma"	"D013945"	"A neoplasm originating from thymic tissue, usually benign, and frequently encapsulated. Although it is occasionally invasive, metastases are extremely rare. It consists of any type of thymic epithelial cell as well as lymphocytes that are usually abundant. Malignant lymphomas that involve the thymus, e.g., lymphosarcoma, Hodgkin's disease (previously termed granulomatous thymoma), should not be regarded as thymoma. (From Stedman, 25th ed)"	"https://www.ncbi.nlm.nih.gov/mesh/?term=D013945"	"null"
"129"	618	2	"Skin Neoplasms"	"D012878"	"Tumors or cancer of the SKIN."	"https://www.ncbi.nlm.nih.gov/mesh/?term=D012878"	"null"
"130"	1073	3	"Cancer-Associated Fibroblasts"	"D000072645"	"null"	"null"	"3"
"131"	1074	3	"Breast Cancer Lymphedema"	"D000072656"	"null"	"null"	"3"
"132"	1094	3	"Cancer Pain"	"D000072716"	"null"	"null"	"3"
"133"	11804	3	"Precancerous Conditions"	"D011230"	"null"	"null"	"3"
"134"	19146	3	"Cancer Vaccines"	"D019496"	"null"	"null"	"3"
"135"	25727	3	"Early Detection of Cancer"	"D055088"	"null"	"null"	"3"
"136"	229207	3	"Urachal cancer"	"C536475"	"null"	"null"	"4"
"137"	230902	3	"Cancer of the oviduct"	"C538511"	"null"	"null"	"4"
"138"	642	3	"Giant Cell Tumor of Tendon Sheath"	"D000070779"	"null"	"null"	"3"
"139"	988	3	"Tumor Hypoxia"	"D000072258"	"null"	"null"	"3"
"140"	1355	3	"Adrenal Rest Tumor"	"D000314"	"null"	"null"	"3"
"141"	2915	3	"Brenner Tumor"	"D001948"	"null"	"null"	"3"
"142"	3233	3	"Carcinoma, Ehrlich Tumor"	"D002286"	"null"	"null"	"3"
"143"	3289	3	"Carotid Body Tumor"	"D002345"	"null"	"null"	"3"
"144"	4454	3	"Phyllodes Tumor"	"D003557"	"null"	"null"	"3"
"145"	5131	3	"DNA Tumor Viruses"	"D004263"	"null"	"null"	"3"
"146"	5221	3	"Drug Screening Assays, Antitumor"	"D004354"	"null"	"null"	"3"
"147"	6675	3	"Giant Cell Tumors"	"D005870"	"null"	"null"	"3"
"148"	6721	3	"Glomus Tumor"	"D005918"	"null"	"null"	"3"
"149"	6728	3	"Glomus Jugulare Tumor"	"D005925"	"null"	"null"	"3"
"150"	6902	3	"Granulosa Cell Tumor"	"D006106"	"null"	"null"	"3"
"151"	8438	3	"Krukenberg Tumor"	"D007725"	"null"	"null"	"3"
"152"	8679	3	"Leydig Cell Tumor"	"D007984"	"null"	"null"	"3"
"153"	9008	3	"Mammary Tumor Virus, Mouse"	"D008324"	"null"	"null"	"3"
"154"	10433	3	"Odontogenic Tumors"	"D009808"	"null"	"null"	"3"
"155"	11524	3	"Plant Tumors"	"D010941"	"null"	"null"	"3"
"156"	12110	3	"Pseudotumor Cerebri"	"D011559"	"null"	"null"	"3"
"157"	13213	3	"Sertoli Cell Tumor"	"D012707"	"null"	"null"	"3"
"158"	14852	3	"Tumor Cells, Cultured"	"D014407"	"null"	"null"	"3"
"159"	14853	3	"Biomarkers, Tumor"	"D014408"	"null"	"null"	"3"
"160"	14855	3	"Tumor Stem Cell Assay"	"D014410"	"null"	"null"	"3"
"161"	14857	3	"Tumor Virus Infections"	"D014412"	"null"	"null"	"3"
"162"	15126	3	"Venereal Tumors, Veterinary"	"D014685"	"null"	"null"	"3"
"163"	15431	3	"Yaba monkey tumor virus"	"D014999"	"null"	"null"	"3"
"164"	15670	3	"Tumor Lysis Syndrome"	"D015275"	"null"	"null"	"3"
"165"	16392	3	"Lymphocytes, Tumor-Infiltrating"	"D016246"	"null"	"null"	"3"
"166"	16667	3	"Granular Cell Tumor"	"D016586"	"null"	"null"	"3"
"167"	16783	3	"Orbital Pseudotumor"	"D016727"	"null"	"null"	"3"
"168"	17541	3	"Neuroectodermal Tumors"	"D017599"	"null"	"null"	"3"
"169"	17542	3	"Neuroectodermal Tumor, Melanotic"	"D017600"	"null"	"null"	"3"
"170"	18032	3	"Lymphatic Vessel Tumors"	"D018190"	"null"	"null"	"3"
"171"	18040	3	"Mixed Tumor, Malignant"	"D018198"	"null"	"null"	"3"
"172"	18041	3	"Mixed Tumor, Mesodermal"	"D018199"	"null"	"null"	"3"
"173"	18042	3	"Mixed Tumor, Mullerian"	"D018200"	"null"	"null"	"3"
"174"	18054	3	"Giant Cell Tumor of Bone"	"D018212"	"null"	"null"	"3"
"175"	18077	3	"Smooth Muscle Tumor"	"D018235"	"null"	"null"	"3"
"176"	18082	3	"Endodermal Sinus Tumor"	"D018240"	"null"	"null"	"3"
"177"	18084	3	"Neuroectodermal Tumors, Primitive"	"D018242"	"null"	"null"	"3"
"178"	18087	3	"Trophoblastic Tumor, Placental Site"	"D018245"	"null"	"null"	"3"
"179"	18096	3	"Adenomatoid Tumor"	"D018254"	"null"	"null"	"3"
"180"	18126	3	"Klatskin Tumor"	"D018285"	"null"	"null"	"3"
"181"	18139	3	"Mucoepidermoid Tumor"	"D018298"	"null"	"null"	"3"
"182"	18151	3	"Sertoli-Leydig Cell Tumor"	"D018310"	"null"	"null"	"3"
"183"	18153	3	"Sex Cord-Gonadal Stromal Tumors"	"D018312"	"null"	"null"	"3"
"184"	18832	3	"Tumor Escape"	"D019139"	"null"	"null"	"3"
"185"	19853	3	"Graft vs Tumor Effect"	"D020350"	"null"	"null"	"3"
"186"	20552	3	"Xenograft Model Antitumor Assays"	"D023041"	"null"	"null"	"3"
"187"	22345	3	"Plant Tumor-Inducing Plasmids"	"D036741"	"null"	"null"	"3"
"188"	22349	3	"Endometrial Stromal Tumors"	"D036821"	"null"	"null"	"3"
"189"	22886	3	"Glomus Tympanicum Tumor"	"D043604"	"null"	"null"	"3"
"190"	23267	3	"Cell Line, Tumor"	"D045744"	"null"	"null"	"3"
"191"	23518	3	"Tumor Burden"	"D047368"	"null"	"null"	"3"
"192"	24451	3	"Odontogenic Tumor, Squamous"	"D051527"	"null"	"null"	"3"
"193"	25366	3	"Solitary Fibrous Tumor, Pleural"	"D054363"	"null"	"null"	"3"
"194"	25367	3	"Solitary Fibrous Tumors"	"D054364"	"null"	"null"	"3"
"195"	26753	3	"Desmoplastic Small Round Cell Tumor"	"D058405"	"null"	"null"	"3"
"196"	27067	3	"Tumor Microenvironment"	"D059016"	"null"	"null"	"3"
"197"	27156	3	"Pott Puffy Tumor"	"D059369"	"null"	"null"	"3"
"198"	27705	3	"Buschke-Lowenstein Tumor"	"D062688"	"null"	"null"	"3"
"199"	28372	3	"Response Evaluation Criteria in Solid Tumors"	"D066066"	"null"	"null"	"3"
"200"	228403	3	"Abrikosov's tumor"	"C535558"	"null"	"null"	"4"
"201"	229154	3	"Neural crest tumor"	"C536408"	"null"	"null"	"4"
"202"	229435	3	"Wolffian tumor"	"C536741"	"null"	"null"	"4"
"203"	230715	3	"Adenocarcinoid tumor"	"C538230"	"null"	"null"	"4"
"204"	250246	3	"Askin Tumor"	"C563168"	"null"	"null"	"4"
"205"	250269	3	"Testicular Germ Cell Tumor"	"C563236"	"null"	"null"	"4"
"206"	8	3	"Abdominal Neoplasms"	"D000008"	"null"	"null"	"3"
"207"	478	3	"Unilateral Breast Neoplasms"	"D000069584"	"null"	"null"	"3"
"208"	1347	3	"Adrenal Cortex Neoplasms"	"D000306"	"null"	"null"	"3"
"209"	1351	3	"Adrenal Gland Neoplasms"	"D000310"	"null"	"null"	"3"
"210"	1716	3	"Anal Gland Neoplasms"	"D000694"	"null"	"null"	"3"
"211"	1920	3	"Antibodies, Neoplasm"	"D000912"	"null"	"null"	"3"
"212"	2636	3	"Biliary Tract Neoplasms"	"D001661"	"null"	"null"	"3"
"213"	2950	3	"Bronchial Neoplasms"	"D001984"	"null"	"null"	"3"
"214"	3371	3	"Cecal Neoplasms"	"D002430"	"null"	"null"	"3"
"215"	3468	3	"Cerebellar Neoplasms"	"D002528"	"null"	"null"	"3"
"216"	3761	3	"Choroid Neoplasms"	"D002830"	"null"	"null"	"3"
"217"	4057	3	"Common Bile Duct Neoplasms"	"D003138"	"null"	"null"	"3"
"218"	4146	3	"Conjunctival Neoplasms"	"D003230"	"null"	"null"	"3"
"219"	4298	3	"Cranial Nerve Neoplasms"	"D003390"	"null"	"null"	"3"
"220"	5141	3	"DNA, Neoplasm"	"D004273"	"null"	"null"	"3"
"221"	5245	3	"Duodenal Neoplasms"	"D004379"	"null"	"null"	"3"
"222"	5294	3	"Ear Neoplasms"	"D004428"	"null"	"null"	"3"
"223"	5555	3	"Endocrine Gland Neoplasms"	"D004701"	"null"	"null"	"3"
"224"	5977	3	"Eyelid Neoplasms"	"D005142"	"null"	"null"	"3"
"225"	5988	3	"Facial Neoplasms"	"D005153"	"null"	"null"	"3"
"226"	6096	3	"Femoral Neoplasms"	"D005266"	"null"	"null"	"3"
"227"	6579	3	"Gastrointestinal Neoplasms"	"D005770"	"null"	"null"	"3"
"228"	6639	3	"Genital Neoplasms, Male"	"D005834"	"null"	"null"	"3"
"229"	6692	3	"Gingival Neoplasms"	"D005887"	"null"	"null"	"3"
"230"	7119	3	"Heart Neoplasms"	"D006338"	"null"	"null"	"3"
"231"	7772	3	"Hypothalamic Neoplasms"	"D007029"	"null"	"null"	"3"
"232"	7819	3	"Ileal Neoplasms"	"D007078"	"null"	"null"	"3"
"233"	8141	3	"Intestinal Neoplasms"	"D007414"	"null"	"null"	"3"
"234"	8296	3	"Jaw Neoplasms"	"D007573"	"null"	"null"	"3"
"235"	8303	3	"Jejunal Neoplasms"	"D007580"	"null"	"null"	"3"
"236"	8807	3	"Liver Neoplasms, Experimental"	"D008114"	"null"	"null"	"3"
"237"	8865	3	"Lung Cancer"	"D008175"	"null"	"null"	"3"
"238"	9009	3	"Mammary Neoplasms, Experimental"	"D008325"	"null"	"null"	"3"
"239"	9023	3	"Mandibular Neoplasms"	"D008339"	"null"	"null"	"3"
"240"	9117	3	"Maxillary Neoplasms"	"D008441"	"null"	"null"	"3"
"241"	9120	3	"Maxillary Sinus Neoplasms"	"D008444"	"null"	"null"	"3"
"242"	9155	3	"Mediastinal Neoplasms"	"D008479"	"null"	"null"	"3"
"243"	9253	3	"Meningeal Neoplasms"	"D008577"	"null"	"null"	"3"
"244"	9999	3	"Neoplasm Invasiveness"	"D009361"	"null"	"null"	"3"
"245"	10000	3	"Neoplasm Metastasis"	"D009362"	"null"	"null"	"3"
"246"	10002	3	"Neoplasm Recurrence, Local"	"D009364"	"null"	"null"	"3"
"247"	10003	3	"Neoplasm Regression, Spontaneous"	"D009365"	"null"	"null"	"3"
"248"	10004	3	"Neoplasm Seeding"	"D009366"	"null"	"null"	"3"
"249"	10005	3	"Neoplasm Staging"	"D009367"	"null"	"null"	"3"
"250"	10006	3	"Neoplasm Transplantation"	"D009368"	"null"	"null"	"3"
"251"	10007	3	"Cancers"	"D009369"	"null"	"null"	"3"
"252"	10008	3	"Neoplasms by Histologic Type"	"D009370"	"null"	"null"	"3"
"253"	10009	3	"Neoplasms by Site"	"D009371"	"null"	"null"	"3"
"254"	10010	3	"Neoplasms, Connective Tissue"	"D009372"	"null"	"null"	"3"
"255"	10012	3	"Neoplasms, Experimental"	"D009374"	"null"	"null"	"3"
"256"	10013	3	"Neoplasms, Glandular and Epithelial"	"D009375"	"null"	"null"	"3"
"257"	10014	3	"Neoplasms, Hormone-Dependent"	"D009376"	"null"	"null"	"3"
"258"	10016	3	"Neoplasms, Multiple Primary"	"D009378"	"null"	"null"	"3"
"259"	10017	3	"Neoplasms, Muscle Tissue"	"D009379"	"null"	"null"	"3"
"260"	10018	3	"Neoplasms, Nerve Tissue"	"D009380"	"null"	"null"	"3"
"261"	10019	3	"Neoplasms, Radiation-Induced"	"D009381"	"null"	"null"	"3"
"262"	10020	3	"Cancer of Unknown Primary"	"D009382"	"null"	"null"	"3"
"263"	10021	3	"Neoplasms, Vascular Tissue"	"D009383"	"null"	"null"	"3"
"264"	10060	3	"Nervous System Neoplasms"	"D009423"	"null"	"null"	"3"
"265"	10298	3	"Nose Neoplasms"	"D009669"	"null"	"null"	"3"
"266"	10540	3	"Orbital Neoplasms"	"D009918"	"null"	"null"	"3"
"267"	10655	3	"Otorhinolaryngologic Neoplasms"	"D010039"	"null"	"null"	"3"
"268"	10770	3	"Palatal Neoplasms"	"D010157"	"null"	"null"	"3"
"269"	10913	3	"Parotid Neoplasms"	"D010307"	"null"	"null"	"3"
"270"	10990	3	"Pelvic Neoplasms"	"D010386"	"null"	"null"	"3"
"271"	11126	3	"Peripheral Nervous System Cancer
"	"D010524"	"null"	"null"	"3"
"272"	11136	3	"Peritoneal Neoplasms"	"D010534"	"null"	"null"	"3"
"273"	11580	3	"Pleural Neoplasms"	"D010997"	"null"	"null"	"3"
"274"	12715	3	"Retroperitoneal Neoplasms"	"D012186"	"null"	"null"	"3"
"275"	12851	3	"RNA, Neoplasm"	"D012334"	"null"	"null"	"3"
"276"	13135	3	"Sebaceous Gland Neoplasms"	"D012626"	"null"	"null"	"3"
"277"	13386	3	"Skull Neoplasms"	"D012888"	"null"	"null"	"3"
"278"	13480	3	"Soft Tissue Neoplasms"	"D012983"	"null"	"null"	"3"
"279"	13617	3	"Spinal Neoplasms"	"D013125"	"null"	"null"	"3"
"280"	13650	3	"Splenic Neoplasms"	"D013160"	"null"	"null"	"3"
"281"	13847	3	"Sublingual Gland Neoplasms"	"D013362"	"null"	"null"	"3"
"282"	13850	3	"Submandibular Gland Neoplasms"	"D013365"	"null"	"null"	"3"
"283"	14019	3	"Sweat Gland Neoplasms"	"D013544"	"null"	"null"	"3"
"284"	14353	3	"Thoracic Neoplasms"	"D013899"	"null"	"null"	"3"
"285"	14407	3	"Thymus Neoplasms"	"D013953"	"null"	"null"	"3"
"286"	14512	3	"Tongue Neoplasms"	"D014062"	"null"	"null"	"3"
"287"	14517	3	"Tonsillar Neoplasms"	"D014067"	"null"	"null"	"3"
"288"	14583	3	"Tracheal Neoplasms"	"D014134"	"null"	"null"	"3"
"289"	14775	3	"Trophoblastic Neoplasms"	"D014328"	"null"	"null"	"3"
"290"	15015	3	"Urologic Neoplasms"	"D014571"	"null"	"null"	"3"
"291"	15047	3	"Uveal Neoplasms"	"D014604"	"null"	"null"	"3"
"292"	15582	3	"Supratentorial Neoplasms"	"D015173"	"null"	"null"	"3"
"293"	15583	3	"Epidural Neoplasms"	"D015174"	"null"	"null"	"3"
"294"	15585	3	"Colorectal Cancer"	"D015179"	"null"	"null"	"3"
"295"	15593	3	"Infratentorial Neoplasms"	"D015192"	"null"	"null"	"3"
"296"	15956	3	"Mammary Neoplasms, Animal"	"D015674"	"null"	"null"	"3"
"297"	16060	3	"Iris Neoplasms"	"D015811"	"null"	"null"	"3"
"298"	16632	3	"Central Nervous System Neoplasms"	"D016543"	"null"	"null"	"3"
"299"	16634	3	"Choroid Plexus Neoplasms"	"D016545"	"null"	"null"	"3"
"300"	16684	3	"Neoplasms, Second Primary"	"D016609"	"null"	"null"	"3"
"301"	17173	3	"Neoplasms, Post-Traumatic"	"D017169"	"null"	"null"	"3"
"302"	18035	3	"Neoplasms, Complex and Mixed"	"D018193"	"null"	"null"	"3"
"303"	18046	3	"Neoplasms, Connective and Soft Tissue"	"D018204"	"null"	"null"	"3"
"304"	18047	3	"Neoplasms, Adipose Tissue"	"D018205"	"null"	"null"	"3"
"305"	18055	3	"Neoplasms, Bone Tissue"	"D018213"	"null"	"null"	"3"
"306"	18060	3	"Neoplasms, Fibrous Tissue"	"D018218"	"null"	"null"	"3"
"307"	18067	3	"Neoplasms, Fibroepithelial"	"D018225"	"null"	"null"	"3"
"308"	18135	3	"Neoplasms, Adnexal and Skin Appendage"	"D018294"	"null"	"null"	"3"
"309"	18136	3	"Neoplasms, Basal Cell"	"D018295"	"null"	"null"	"3"
"310"	18138	3	"Neoplasms, Cystic, Mucinous, and Serous"	"D018297"	"null"	"null"	"3"
"311"	18140	3	"Neoplasms, Ductal, Lobular, and Medullary"	"D018299"	"null"	"null"	"3"
"312"	18142	3	"Neoplasms, Mesothelial"	"D018301"	"null"	"null"	"3"
"313"	18143	3	"Neoplasms, Neuroepithelial"	"D018302"	"null"	"null"	"3"
"314"	18148	3	"Neoplasms, Squamous Cell"	"D018307"	"null"	"null"	"3"
"315"	18150	3	"Neoplasms, Gonadal Tissue"	"D018309"	"null"	"null"	"3"
"316"	18158	3	"Nerve Sheath Neoplasms"	"D018317"	"null"	"null"	"3"
"317"	18194	3	"Neoplasm, Residual"	"D018365"	"null"	"null"	"3"
"318"	18734	3	"Drug Resistance, Neoplasm"	"D019008"	"null"	"null"	"3"
"319"	18764	3	"Muscle Neoplasms"	"D019042"	"null"	"null"	"3"
"320"	18765	3	"Vascular Neoplasms"	"D019043"	"null"	"null"	"3"
"321"	18767	3	"Bone Marrow Neoplasms"	"D019046"	"null"	"null"	"3"
"322"	18971	3	"Skull Base Neoplasms"	"D019292"	"null"	"null"	"3"
"323"	19205	3	"Retinal Neoplasms"	"D019572"	"null"	"null"	"3"
"324"	19207	3	"Optic Nerve Neoplasms"	"D019574"	"null"	"null"	"3"
"325"	25295	3	"Neoplasms, Plasma Cell"	"D054219"	"null"	"null"	"3"
"326"	25690	3	"Perivascular Epithelioid Cell Neoplasms"	"D054973"	"null"	"null"	"3"
"327"	27408	3	"Neoplasm Grading"	"D060787"	"null"	"null"	"3"
"328"	27480	3	"Neoplasm Micrometastasis"	"D061206"	"null"	"null"	"3"
"329"	27924	3	"Prostatic Neoplasms, Castration-Resistant"	"D064129"	"null"	"null"	"3"
"330"	384	3	"Mammary Analogue Secretory Carcinoma"	"D000069295"	"null"	"null"	"3"
"331"	898	3	"Breast Carcinoma In Situ"	"D000071960"	"null"	"null"	"3"
"332"	1274	3	"Adenocarcinoma"	"D000230"	"null"	"null"	"3"
"333"	1275	3	"Adenocarcinoma, Papillary"	"D000231"	"null"	"null"	"3"
"334"	3224	3	"Carcinoma"	"D002277"	"null"	"null"	"3"
"335"	3225	3	"Carcinoma in Situ"	"D002278"	"null"	"null"	"3"
"336"	3226	3	"Carcinoma 256, Walker"	"D002279"	"null"	"null"	"3"
"337"	3227	3	"basal cell carcinoma"	"D002280"	"null"	"null"	"3"
"338"	3228	3	"Carcinoma, Basosquamous"	"D002281"	"null"	"null"	"3"
"339"	3229	3	"Adenocarcinoma, Bronchiolo-Alveolar"	"D002282"	"null"	"null"	"3"
"340"	3230	3	"Carcinoma, Bronchogenic"	"D002283"	"null"	"null"	"3"
"341"	3231	3	"Carcinoma, Brown-Pearce"	"D002284"	"null"	"null"	"3"
"342"	3232	3	"Ductal Carcinoma"	"D002285"	"null"	"null"	"3"
"343"	3234	3	"Carcinoma, Krebs 2"	"D002287"	"null"	"null"	"3"
"344"	3235	3	"Adenocarcinoma, Mucinous"	"D002288"	"null"	"null"	"3"
"345"	3237	3	"Carcinoma, Papillary"	"D002291"	"null"	"null"	"3"
"346"	3239	3	"Adenocarcinoma, Scirrhous"	"D002293"	"null"	"null"	"3"
"347"	3240	3	"Squamous Cell Carcinoma"	"D002294"	"null"	"null"	"3"
"348"	3241	3	"Transitional Cell Carcinoma"	"D002295"	"null"	"null"	"3"
"349"	3753	3	"Choriocarcinoma"	"D002822"	"null"	"null"	"3"
"350"	4425	3	"Carcinoma, Adenoid Cystic"	"D003528"	"null"	"null"	"3"
"351"	4433	3	"Cystadenocarcinoma"	"D003536"	"null"	"null"	"3"
"352"	18038	3	"Carcinoma, Adenosquamous"	"D018196"	"null"	"null"	"3"
"353"	18078	3	"Carcinoma, Embryonal"	"D018236"	"null"	"null"	"3"
"354"	18085	3	"Teratocarcinoma"	"D018243"	"null"	"null"	"3"
"355"	18104	3	"Adenocarcinoma, Clear Cell"	"D018262"	"null"	"null"	"3"
"356"	18105	3	"Adenocarcinoma, Follicular"	"D018263"	"null"	"null"	"3"
"357"	18106	3	"Carcinoma, Papillary, Follicular"	"D018265"	"null"	"null"	"3"
"358"	18107	3	"Adenocarcinoma, Sebaceous"	"D018266"	"null"	"null"	"3"
"359"	18108	3	"Carcinoma, Acinar Cell"	"D018267"	"null"	"null"	"3"
"360"	18110	3	"Carcinoma, Endometrioid"	"D018269"	"null"	"null"	"3"
"361"	18111	3	"Carcinoma, Ductal, Breast"	"D018270"	"null"	"null"	"3"
"362"	18114	3	"Carcinoma, Islet Cell"	"D018273"	"null"	"null"	"3"
"363"	18116	3	"Carcinoma, Lobular"	"D018275"	"null"	"null"	"3"
"364"	18117	3	"Carcinoma, Medullary"	"D018276"	"null"	"null"	"3"
"365"	18118	3	"Carcinoma, Mucoepidermoid"	"D018277"	"null"	"null"	"3"
"366"	18119	3	"Carcinoma, Neuroendocrine"	"D018278"	"null"	"null"	"3"
"367"	18120	3	"Carcinoma, Signet Ring Cell"	"D018279"	"null"	"null"	"3"
"368"	18121	3	"Carcinoma, Skin Appendage"	"D018280"	"null"	"null"	"3"
"369"	18122	3	"Cholangiocarcinoma"	"D018281"	"null"	"null"	"3"
"370"	18123	3	"Cystadenocarcinoma, Mucinous"	"D018282"	"null"	"null"	"3"
"371"	18124	3	"Cystadenocarcinoma, Papillary"	"D018283"	"null"	"null"	"3"
"372"	18125	3	"Cystadenocarcinoma, Serous"	"D018284"	"null"	"null"	"3"
"373"	18127	3	"Carcinoma, Giant Cell"	"D018286"	"null"	"null"	"3"
"374"	18128	3	"Carcinoma, Large Cell"	"D018287"	"null"	"null"	"3"
"375"	18129	3	"Carcinoma, Small Cell"	"D018288"	"null"	"null"	"3"
"376"	18130	3	"Carcinoma, Verrucous"	"D018289"	"null"	"null"	"3"
"377"	20423	3	"Carcinoma, Pancreatic Ductal"	"D021441"	"null"	"null"	"3"
"378"	21794	3	"Choriocarcinoma, Non-gestational"	"D031954"	"null"	"null"	"3"
"379"	23062	3	"Carcinoma, Ductal"	"D044584"	"null"	"null"	"3"
"380"	25309	3	"Embryonal Carcinoma Stem Cells"	"D054278"	"null"	"null"	"3"
"381"	26032	3	"Meningeal Carcinomatosis"	"D055756"	"null"	"null"	"3"
"382"	26417	3	"Eccrine Porocarcinoma"	"D057090"	"null"	"null"	"3"
"383"	28212	3	"Adenocarcinoma in Situ"	"D065311"	"null"	"null"	"3"
"384"	28262	3	"Thyroid Carcinoma, Anaplastic"	"D065646"	"null"	"null"	"3"
"385"	229206	3	"Urachal adenocarcinoma"	"C536474"	"null"	"null"	"4"
"386"	382	3	"Plasmablastic Lymphoma"	"D000069293"	"null"	"null"	"3"
"387"	1279	3	"Adenolymphoma"	"D000235"	"null"	"null"	"3"
"388"	3011	3	"Burkitt Lymphoma"	"D002051"	"null"	"null"	"3"
"389"	8914	3	"Lymphoma, Follicular"	"D008224"	"null"	"null"	"3"
"390"	8916	3	"Lymphomatoid Granulomatosis"	"D008230"	"null"	"null"	"3"
"391"	15812	3	"Precursor B-Cell Lymphoblastic Leukemia-Lymphoma"	"D015452"	"null"	"null"	"3"
"392"	15815	3	"Human T-cell leukemia-lymphoma virus"	"D015459"	"null"	"null"	"3"
"393"	16523	3	"B-Cell Lymphoma"	"D016393"	"null"	"null"	"3"
"394"	16524	3	"Lymphoma, T-Cell"	"D016399"	"null"	"null"	"3"
"395"	16525	3	"Lymphoma, Large-Cell, Immunoblastic"	"D016400"	"null"	"null"	"3"
"396"	16526	3	"Lymphoma, Large B-Cell, Diffuse"	"D016403"	"null"	"null"	"3"
"397"	16528	3	"Lymphoma, T-Cell, Peripheral"	"D016411"	"null"	"null"	"3"
"398"	17637	3	"Lymphoma, Large-Cell, Anaplastic"	"D017728"	"null"	"null"	"3"
"399"	17640	3	"Lymphomatoid Papulosis"	"D017731"	"null"	"null"	"3"
"400"	18251	3	"Lymphoma, B-Cell, Marginal Zone"	"D018442"	"null"	"null"	"3"
"401"	18988	3	"Pseudolymphoma"	"D019310"	"null"	"null"	"3"
"402"	20005	3	"Lymphoma, Mantle-Cell"	"D020522"	"null"	"null"	"3"
"403"	25383	3	"Lymphoma, Extranodal NK-T-Cell"	"D054391"	"null"	"null"	"3"
"404"	25423	3	"Lymphoma, Primary Cutaneous Anaplastic Large Cell"	"D054446"	"null"	"null"	"3"
"405"	25551	3	"Lymphoma, Primary Effusion"	"D054685"	"null"	"null"	"3"
"406"	26824	3	"Enteropathy-Associated T-Cell Lymphoma"	"D058527"	"null"	"null"	"3"
"407"	26870	3	"Composite Lymphoma"	"D058617"	"null"	"null"	"3"
"408"	27908	3	"Intraocular Lymphoma"	"D064090"	"null"	"null"	"3"
"409"	11	3	"Abelson murine leukemia virus"	"D000011"	"null"	"null"	"3"
"410"	1443	3	"AKR murine leukemia virus"	"D000406"	"null"	"null"	"3"
"411"	2877	3	"Leukemia Virus, Bovine"	"D001909"	"null"	"null"	"3"
"412"	5758	3	"Leukemia, Erythroblastic, Acute"	"D004915"	"null"	"null"	"3"
"413"	6086	3	"Leukemia Virus, Feline"	"D005256"	"null"	"null"	"3"
"414"	6435	3	"Friend murine leukemia virus"	"D005622"	"null"	"null"	"3"
"415"	8639	3	"Leukemia L1210"	"D007939"	"null"	"null"	"3"
"416"	8640	3	"Leukemia L5178"	"D007940"	"null"	"null"	"3"
"417"	8641	3	"Leukemia P388"	"D007941"	"null"	"null"	"3"
"418"	8642	3	"Leukemia, Experimental"	"D007942"	"null"	"null"	"3"
"419"	8644	3	"Leukemia, Lymphoid"	"D007945"	"null"	"null"	"3"
"420"	8645	3	"Leukemia, Mast-Cell"	"D007946"	"null"	"null"	"3"
"421"	8646	3	"Acute Megakaryocytic Leukemia"	"D007947"	"null"	"null"	"3"
"422"	8649	3	"Leukemia, Plasma Cell"	"D007952"	"null"	"null"	"3"
"423"	8650	3	"Leukemia, Radiation-Induced"	"D007953"	"null"	"null"	"3"
"424"	9637	3	"Moloney murine leukemia virus"	"D008979"	"null"	"null"	"3"
"425"	9706	3	"Leukemia Virus, Murine"	"D009052"	"null"	"null"	"3"
"426"	11857	3	"Preleukemia"	"D011289"	"null"	"null"	"3"
"427"	15810	3	"Leukemia, B-Cell"	"D015448"	"null"	"null"	"3"
"428"	15814	3	"Leukemia, T-Cell"	"D015458"	"null"	"null"	"3"
"429"	15817	3	"Leukemia, Prolymphocytic"	"D015463"	"null"	"null"	"3"
"430"	15821	3	"Leukemia, Neutrophilic, Chronic"	"D015467"	"null"	"null"	"3"
"431"	15823	3	"Leukemia, Basophilic, Acute"	"D015471"	"null"	"null"	"3"
"432"	15824	3	"Leukemia, Eosinophilic, Acute"	"D015472"	"null"	"null"	"3"
"433"	15825	3	"Leukemia, Promyelocytic, Acute"	"D015473"	"null"	"null"	"3"
"434"	16663	3	"Leukemia, Feline"	"D016582"	"null"	"null"	"3"
"435"	16778	3	"Radiation Leukemia Virus"	"D016721"	"null"	"null"	"3"
"436"	17852	3	"Leukemia Virus, Gibbon Ape"	"D017989"	"null"	"null"	"3"
"437"	20026	3	"Graft vs Leukemia Effect"	"D020544"	"null"	"null"	"3"
"438"	25259	3	"Leukemia, Large Granular Lymphocytic"	"D054066"	"null"	"null"	"3"
"439"	25391	3	"Leukemia, Prolymphocytic, B-Cell"	"D054403"	"null"	"null"	"3"
"440"	25413	3	"Leukemia, Myelomonocytic, Juvenile"	"D054429"	"null"	"null"	"3"
"441"	26656	3	"Xenotropic murine leukemia virus-related virus"	"D058008"	"null"	"null"	"3"
"442"	2345	3	"Sarcoma, Avian"	"D001357"	"null"	"null"	"3"
"443"	2346	3	"Avian Sarcoma Viruses"	"D001358"	"null"	"null"	"3"
"444"	3242	3	"Carcinosarcoma"	"D002296"	"null"	"null"	"3"
"445"	3744	3	"Chondrosarcoma"	"D002813"	"null"	"null"	"3"
"446"	6084	3	"Sarcoma Viruses, Feline"	"D005253"	"null"	"null"	"3"
"447"	6176	3	"Fibrosarcoma"	"D005354"	"null"	"null"	"3"
"448"	7034	3	"Harvey murine sarcoma virus"	"D006251"	"null"	"null"	"3"
"449"	7175	3	"Hemangiosarcoma"	"D006394"	"null"	"null"	"3"
"450"	8422	3	"Kirsten murine sarcoma virus"	"D007708"	"null"	"null"	"3"
"451"	8595	3	"Leiomyosarcoma"	"D007890"	"null"	"null"	"3"
"452"	8773	3	"Liposarcoma"	"D008080"	"null"	"null"	"3"
"453"	8894	3	"Lymphangiosarcoma"	"D008204"	"null"	"null"	"3"
"454"	9638	3	"Moloney murine sarcoma virus"	"D008980"	"null"	"null"	"3"
"455"	9707	3	"Sarcoma Viruses, Murine"	"D009053"	"null"	"null"	"3"
"456"	9862	3	"Myosarcoma"	"D009217"	"null"	"null"	"3"
"457"	9881	3	"Myxosarcoma"	"D009236"	"null"	"null"	"3"
"458"	13023	3	"Sarcoma 180"	"D012510"	"null"	"null"	"3"
"459"	13024	3	"transgenic adenocarcinoma of mouse prostate "	"D012511"	"null"	"null"	"3"
"460"	13026	3	"Sarcoma, Experimental"	"D012513"	"null"	"null"	"3"
"461"	13028	3	"Mast-Cell Sarcoma"	"D012515"	"null"	"null"	"3"
"462"	13030	3	"Sarcoma, Yoshida"	"D012517"	"null"	"null"	"3"
"463"	13342	3	"Sarcoma Virus, Woolly Monkey"	"D012842"	"null"	"null"	"3"
"464"	14056	3	"Sarcoma, Synovial"	"D013584"	"null"	"null"	"3"
"465"	18037	3	"Adenosarcoma"	"D018195"	"null"	"null"	"3"
"466"	18045	3	"Sarcoma, Endometrial Stromal"	"D018203"	"null"	"null"	"3"
"467"	18050	3	"Liposarcoma, Myxoid"	"D018208"	"null"	"null"	"3"
"468"	18053	3	"Chondrosarcoma, Mesenchymal"	"D018211"	"null"	"null"	"3"
"469"	18059	3	"Osteosarcoma, Juxtacortical"	"D018217"	"null"	"null"	"3"
"470"	18065	3	"Dermatofibrosarcoma"	"D018223"	"null"	"null"	"3"
"471"	18069	3	"Sarcoma, Clear Cell"	"D018227"	"null"	"null"	"3"
"472"	18070	3	"Sarcoma, Small Cell"	"D018228"	"null"	"null"	"3"
"473"	18074	3	"Rhabdomyosarcoma, Alveolar"	"D018232"	"null"	"null"	"3"
"474"	18076	3	"Sarcoma, Alveolar Soft Part"	"D018234"	"null"	"null"	"3"
"475"	18157	3	"Gliosarcoma"	"D018316"	"null"	"null"	"3"
"476"	18160	3	"Neurofibrosarcoma"	"D018319"	"null"	"null"	"3"
"477"	20613	3	"Sarcoma, Myeloid"	"D023981"	"null"	"null"	"3"
"478"	24797	3	"Rous sarcoma virus"	"D052736"	"null"	"null"	"3"
"479"	25578	3	"Dendritic Cell Sarcoma, Interdigitating"	"D054739"	"null"	"null"	"3"
"480"	25579	3	"Dendritic Cell Sarcoma, Follicular"	"D054740"	"null"	"null"	"3"
"481"	25583	3	"Histiocytic Sarcoma"	"D054747"	"null"	"null"	"3"
"482"	25588	3	"Langerhans Cell Sarcoma"	"D054752"	"null"	"null"	"3"
"483"	230097	3	"Plexosarcoma"	"C537517"	"null"	"null"	"4"
"484"	230098	3	"Hepatocellular carcinoma"	"D006528"	"A primary malignant neoplasm of epithelial liver cells. It ranges from a well-differentiated tumor with EPITHELIAL CELLS indistinguishable from normal HEPATOCYTES to a poorly differentiated neoplasm. The cells may be uniform or markedly pleomorphic, or form GIANT CELLS. Several classification schemes have been suggested"	NA	NA
"485"	230100	3	"Non-Small-Cell Lung Carcinoma"	"D002289"	NA	NA	NA
"486"	230101	3	"Small cell lung cancer"	"D055752"	NA	NA	NA
"487"	230102	3	"Lewis Lung Carcinoma"	"D018827"	NA	NA	NA
"488"	230103	3	"Medulloblastoma"	"D008527"	NA	NA	NA
"489"	230104	3	"Hepatoblastoma"	"D018197"	NA	NA	NA
"490"	230105	3	"Adenomatous Polyposis Colus"	"D011125"	NA	NA	NA
"491"	230106	3	"Leiomyoma"	"D007889"	NA	NA	NA
